<?xml version="1.0" encoding="UTF-8"?>
<module codename="com.jaspersoft.ireport/1">
    <module_version install_time="1260375218745" last="true" origin="installer" specification_version="1.0">
        <file crc="2425646588" name="config/Modules/com-jaspersoft-ireport.xml"/>
        <file crc="3324696350" name="fonts/irfonts.xml"/>
        <file crc="2754786085" name="fonts/jasperreports_extension.properties"/>
        <file crc="2666141633" name="libs/xalan.jar"/>
        <file crc="1272811587" name="modules/com-jaspersoft-ireport.jar"/>
        <file crc="1270610887" name="modules/ext/ant-1.7.1-LICENSE.txt"/>
        <file crc="2263665183" name="modules/ext/ant-1.7.1.jar"/>
        <file crc="58544950" name="modules/ext/antlr-2.7.6-LICENSE.txt"/>
        <file crc="3507015122" name="modules/ext/antlr-2.7.6.jar"/>
        <file crc="1656749251" name="modules/ext/asm-attrs.jar"/>
        <file crc="1662521808" name="modules/ext/asm.jar"/>
        <file crc="3628149773" name="modules/ext/barbecue-1.5-beta1-LICENSE.txt"/>
        <file crc="2506735385" name="modules/ext/barbecue-1.5-beta1.jar"/>
        <file crc="1231013273" name="modules/ext/barcode4j-2.0-LICENSE.txt"/>
        <file crc="3431956541" name="modules/ext/barcode4j-2.0-NOTICE.txt"/>
        <file crc="3801971729" name="modules/ext/barcode4j-2.0.jar"/>
        <file crc="2882495438" name="modules/ext/batik-LICENSE.txt"/>
        <file crc="962589662" name="modules/ext/batik-anim.jar"/>
        <file crc="3603503027" name="modules/ext/batik-awt-util.jar"/>
        <file crc="388175848" name="modules/ext/batik-bridge.jar"/>
        <file crc="3760798800" name="modules/ext/batik-css.jar"/>
        <file crc="1097793942" name="modules/ext/batik-dom.jar"/>
        <file crc="3224896028" name="modules/ext/batik-ext.jar"/>
        <file crc="130819665" name="modules/ext/batik-gvt.jar"/>
        <file crc="3313156350" name="modules/ext/batik-parser.jar"/>
        <file crc="1024944716" name="modules/ext/batik-script.jar"/>
        <file crc="1109372578" name="modules/ext/batik-svg-dom.jar"/>
        <file crc="1566531896" name="modules/ext/batik-svggen.jar"/>
        <file crc="1061828400" name="modules/ext/batik-util.jar"/>
        <file crc="3770951844" name="modules/ext/batik-xml.jar"/>
        <file crc="3218450025" name="modules/ext/bcel-5.2-LICENSE.txt"/>
        <file crc="489671345" name="modules/ext/bcel-5.2-NOTICE.txt"/>
        <file crc="740029781" name="modules/ext/bcel-5.2.jar"/>
        <file crc="1240304429" name="modules/ext/bsh-2.0b4-LICENSE.txt"/>
        <file crc="4180749261" name="modules/ext/bsh-2.0b4.jar"/>
        <file crc="1934044111" name="modules/ext/castor-1.2.jar"/>
        <file crc="695153507" name="modules/ext/cglib-2.1.jar"/>
        <file crc="681046774" name="modules/ext/cincom-jr-xmla.jar"/>
        <file crc="2263004340" name="modules/ext/commons-LICENSE.txt"/>
        <file crc="404308643" name="modules/ext/commons-NOTICE.txt"/>
        <file crc="3844256829" name="modules/ext/commons-beanutils-1.8.0.jar"/>
        <file crc="28241745" name="modules/ext/commons-collections-3.2.1.jar"/>
        <file crc="1386295753" name="modules/ext/commons-dbcp-1.2.2.jar"/>
        <file crc="2794300200" name="modules/ext/commons-digester-1.7.jar"/>
        <file crc="1712146089" name="modules/ext/commons-javaflow-20060411.jar"/>
        <file crc="3163580034" name="modules/ext/commons-logging-1.1.jar"/>
        <file crc="194177091" name="modules/ext/commons-math-1.0.jar"/>
        <file crc="843270898" name="modules/ext/commons-pool-1.3.jar"/>
        <file crc="4163230234" name="modules/ext/commons-vfs-1.0.jar"/>
        <file crc="2479777717" name="modules/ext/dom4j-1.6.jar"/>
        <file crc="655765739" name="modules/ext/ehcache-1.1.jar"/>
        <file crc="674116404" name="modules/ext/eigenbase-properties-1.1.0.10924.jar"/>
        <file crc="234757552" name="modules/ext/eigenbase-resgen-1.3.0.11873.jar"/>
        <file crc="1535277182" name="modules/ext/eigenbase-xom-1.3.0.11999.jar"/>
        <file crc="3160810910" name="modules/ext/ejb3-persistence.jar"/>
        <file crc="245297709" name="modules/ext/groovy-all-1.5.5-LICENSE.txt"/>
        <file crc="1882296452" name="modules/ext/groovy-all-1.5.5.jar"/>
        <file crc="2541469619" name="modules/ext/hibernate-annotations.jar"/>
        <file crc="4001212705" name="modules/ext/hibernate-commons-annotations.jar"/>
        <file crc="1987375432" name="modules/ext/hibernate3-LICENSE.txt"/>
        <file crc="3273533250" name="modules/ext/hibernate3.jar"/>
        <file crc="585398722" name="modules/ext/hsqldb-1.8.0-10-LICENSE.txt"/>
        <file crc="3646717406" name="modules/ext/hsqldb-1.8.0-10.jar"/>
        <file crc="2491460800" name="modules/ext/iText-2.1.0-LICENSE.txt"/>
        <file crc="3460807796" name="modules/ext/iText-2.1.0.jar"/>
        <file crc="1655344138" name="modules/ext/iTextAsian.jar"/>
        <file crc="1545701264" name="modules/ext/jakarta-bcel-20050813.jar"/>
        <file crc="1791725620" name="modules/ext/jasperreports-3.7.0.jar"/>
        <file crc="635327932" name="modules/ext/jasperreports-LICENSE.txt"/>
        <file crc="3591107339" name="modules/ext/jasperreports-chart-themes-3.6.2.jar"/>
        <file crc="4267916031" name="modules/ext/jasperreports-fonts-3.6.1.jar"/>
        <file crc="4248097675" name="modules/ext/javacup.jar"/>
        <file crc="2826004045" name="modules/ext/javassist-3.4.GA.jar"/>
        <file crc="429880853" name="modules/ext/jaxen-1.1.1-LICENSE.txt"/>
        <file crc="409387958" name="modules/ext/jaxen-1.1.1.jar"/>
        <file crc="2471564426" name="modules/ext/jcommon-1.0.15-LICENSE.txt"/>
        <file crc="1871618793" name="modules/ext/jcommon-1.0.15.jar"/>
        <file crc="828138982" name="modules/ext/jdt-compiler-3.1.1-LICENSE.html"/>
        <file crc="2659592228" name="modules/ext/jdt-compiler-3.1.1.jar"/>
        <file crc="2471564426" name="modules/ext/jfreechart-1.0.12-LICENSE.txt"/>
        <file crc="987423026" name="modules/ext/jfreechart-1.0.12.jar"/>
        <file crc="3870944862" name="modules/ext/jpa.jar"/>
        <file crc="190545487" name="modules/ext/jta.jar"/>
        <file crc="2471564426" name="modules/ext/jxl-2.6-LICENSE.txt"/>
        <file crc="3654587812" name="modules/ext/jxl-2.6.jar"/>
        <file crc="3958599929" name="modules/ext/log4j-1.2.15-LICENSE.txt"/>
        <file crc="2197124025" name="modules/ext/log4j-1.2.15.jar"/>
        <file crc="3402670820" name="modules/ext/mondrian-3.1.1.12687-Jaspersoft.jar"/>
        <file crc="2058849852" name="modules/ext/mondrian-3.1.1.12687-LICENSE.html"/>
        <file crc="3650117311" name="modules/ext/olap4j-0.9.7.145.jar"/>
        <file crc="288180244" name="modules/ext/png-encoder-1.5.jar"/>
        <file crc="477466371" name="modules/ext/poi-3.2-FINAL-20081019-LICENSE.txt"/>
        <file crc="1793723535" name="modules/ext/poi-3.2-FINAL-20081019.jar"/>
        <file crc="124986839" name="modules/ext/rex-20080421.jar"/>
        <file crc="2416790472" name="modules/ext/rhino-1.7R1-LICENSE.txt"/>
        <file crc="2328658420" name="modules/ext/rhino-1.7R1.jar"/>
        <file crc="2898765198" name="modules/ext/saaj-api-1.3.jar"/>
        <file crc="2855675167" name="modules/ext/slf4j-api.jar"/>
        <file crc="1518979179" name="modules/ext/slf4j-log4j12.jar"/>
        <file crc="3918594219" name="modules/ext/spring.jar"/>
        <file crc="1158755212" name="modules/ext/sqleonardo-2007.03.jar"/>
        <file crc="1581659028" name="modules/ext/swingx-2007_10_07.jar"/>
        <file crc="2268634152" name="modules/ext/xml-apis-ext.jar"/>
        <file crc="2669779638" name="modules/ext/xml-apis.jar"/>
        <file crc="2088223004" name="templates/blank_a4.jrxml"/>
        <file crc="3700714479" name="templates/blank_a4.png"/>
        <file crc="1280173725" name="templates/blank_a4_landscape.jrxml"/>
        <file crc="2998095062" name="templates/blank_a4_landscape.png"/>
        <file crc="780822978" name="templates/blank_letter.jrxml"/>
        <file crc="2578675382" name="templates/blank_letter.png"/>
        <file crc="4137768370" name="templates/blank_letter_landscape.jrxml"/>
        <file crc="413898022" name="templates/blank_letter_landscape.png"/>
        <file crc="2773517043" name="templates/cherry.jpg"/>
        <file crc="331888294" name="templates/cherry.jrxml"/>
        <file crc="3516718972" name="templates/cherry.png"/>
        <file crc="2707202656" name="templates/cherry_landscape.jrxml"/>
        <file crc="2381289910" name="templates/cherry_landscape.png"/>
        <file crc="2535278655" name="templates/coffee.jpg"/>
        <file crc="4035354448" name="templates/coffee.jrxml"/>
        <file crc="2143970375" name="templates/coffee.png"/>
        <file crc="1417440878" name="templates/coffee_landscape.jrxml"/>
        <file crc="2716907692" name="templates/coffee_landscape.png"/>
        <file crc="4153194497" name="templates/coffee_stain.png"/>
        <file crc="2251842549" name="templates/flower.jrxml"/>
        <file crc="2310780761" name="templates/flower.png"/>
        <file crc="586253095" name="templates/flower1.png"/>
        <file crc="3756677499" name="templates/flower2.png"/>
        <file crc="4241393096" name="templates/flower_landscape.jrxml"/>
        <file crc="2574149285" name="templates/flower_landscape.png"/>
        <file crc="241272272" name="templates/leaf_banner_gray.png"/>
        <file crc="3070644264" name="templates/leaf_banner_green.png"/>
        <file crc="3780632775" name="templates/leaf_banner_pink.png"/>
        <file crc="1125971765" name="templates/leaf_banner_red.png"/>
        <file crc="2548244213" name="templates/leaf_banner_violet.png"/>
        <file crc="938964802" name="templates/leaf_gray.jrxml"/>
        <file crc="2441623873" name="templates/leaf_gray.png"/>
        <file crc="4039197399" name="templates/leaf_green.jrxml"/>
        <file crc="688134131" name="templates/leaf_green.png"/>
        <file crc="922316493" name="templates/leaf_red.jrxml"/>
        <file crc="3040971691" name="templates/leaf_red.png"/>
        <file crc="2125113982" name="templates/leaf_violet.jrxml"/>
        <file crc="1610032719" name="templates/leaf_violet.png"/>
        <file crc="187841401" name="templates/silhouette.jpg"/>
        <file crc="2351708950" name="templates/silhouette.jrxml"/>
        <file crc="237123456" name="templates/silhouette.png"/>
        <file crc="804132111" name="templates/silhouette2.jpg"/>
        <file crc="2082817500" name="templates/silhouette_landscape.jrxml"/>
        <file crc="4121143010" name="templates/silhouette_landscape.png"/>
        <file crc="1227414603" name="templates/simple_blue.jrxml"/>
        <file crc="254794729" name="templates/simple_blue.png"/>
        <file crc="940542504" name="templates/tree.jrxml"/>
        <file crc="1261800634" name="templates/tree.png"/>
        <file crc="1846172231" name="templates/tree1.png"/>
        <file crc="2810935820" name="templates/tree2.png"/>
    </module_version>
</module>
